{
  "info": {
    "license_key": "Pwn3rzs-CyberArsenal",
    "name": "Pwn3rzs",
    "email": "pwn@pwn3rzs.rules",
    "first_activated": "2023-10-13 11:14:10.874470",
    "expires": "2123-09-19T11:14:10",
    "maintenance_expires": "2123-09-19T11:14:10",
    "max_engines": 100,
    "max_targets": 100000,
    "product_code": "AOPENT",
    "bxss_user_id": "0",
    "bxss_api_key": "0",
    "is_offline": false,
    "is_worker": false,
    "is_disabled": false
  },
  "major_version": 23,
  "minor_version": 9,
  "build_number": 231005181,
  "expired": false,
  "maintenance_expired": false,
  "activation_error": 0,
  "activated": true,
  "checksum": "13ce58011d51f8e4965cf5507e4e3b62",
  "grace": 0,
  "scan": true,
  "update": false,
  "access": true,
  "last_reactivated": "2023-10-13 11:14:10.874470",
  "site_id": "UemRTqWxlmrlLsTWpGvfDhnMk6t4yWNE",
  "mac": "00:00:00:00:00:00",
  "install_id": "FwVFBojOvsAzahqxAQVA7C9u7aknUExN"
}